x,y,z,Doppler
0.016352294012904167,0.2609971761703491,-0.008176147006452084,-0.7242729663848877
-0.005450764670968056,0.1400001049041748,-0.0017033638432621956,-0.4526706039905548
-0.00681345583871007,0.17386990785598755,0.002725382335484028,0.5432047247886658
0.016352294012904167,0.25997063517570496,0.024528440088033676,-0.9656972885131836
-0.05995841324329376,0.16356825828552246,0.00681345583871007,-0.4224925637245178
0.07631070911884308,0.14897648990154266,0.04905688017606735,0.7242729663848877
-0.020440367981791496,0.12500417232513428,-0.032704588025808334,-0.2414243221282959
0.1096966415643692,0.2579548954963684,-0.01907767727971077,-0.9656972885131836
0.07767339795827866,0.22929589450359344,-0.00817614421248436,0.7242729663848877
0.020440366119146347,0.18556398153305054,0.04088073596358299,-0.9656972885131836
-0.016352294012904167,0.1295345276594162,-0.008176147006452084,-0.6035608053207397
0.047694191336631775,0.2123132348060608,0.01362691167742014,0.8449851274490356
0.054507650434970856,0.1954553723335266,0.0034067295491695404,0.6035608053207397
0.007835473865270615,0.11113256961107254,0.07631070911884308,0.39231452345848083
-0.005450764670968056,0.17425404489040375,0.005450764670968056,-0.9656972885131836
0.024074209854006767,0.11388824880123138,0.06222956255078316,0.32189908623695374
0.06132110208272934,0.1934109628200531,0.0034067295491695404,0.7242729663848877
0.03679266199469566,0.12223272025585175,0.028616514056921005,0.36213648319244385
0.03179612755775452,0.25788000226020813,0.06677187234163284,-0.8449851274490356
0.11855413764715195,0.16571950912475586,-0.0018169217510148883,-0.563323438167572
-0.005450765136629343,0.23031970858573914,0.032704588025808334,-0.8449851274490356
0.01589806377887726,0.18819090723991394,0.03406727686524391,-0.8449851274490356
-0.0027253814041614532,0.23228518664836884,0.010901530273258686,0.8449851274490356
0.020440367981791496,0.1275845766067505,0.020440367981791496,0.7242729663848877
-0.03361304849386215,0.2199716717004776,-0.0009084607590921223,-0.8047477602958679
0.01589806377887726,0.18646056950092316,0.0386095829308033,-0.9656972885131836
-0.02248440310359001,0.12206047773361206,-0.010220183990895748,-0.12071216106414795
0.01362691167742014,0.22707565128803253,0.03815535455942154,-0.9656972885131836
0.04905688017606735,0.16702836751937866,-0.010901529341936111,-0.6035608053207397
0.04088073596358299,0.12182185053825378,0.024528440088033676,0.6035608053207397
0.08630377799272537,0.23169638216495514,-0.006813455373048782,0.281661719083786
-0.04905688017606735,0.12016432732343674,-0.016352294012904167,-0.12071216106414795
0.07085993885993958,0.21769772469997406,0.027253825217485428,-0.8449851274490356
0.020440367981791496,0.21664217114448547,0.01362691167742014,-0.8449851274490356
-0.020440366119146347,0.12485743314027786,0.002044036751613021,-0.12071216106414795
0.07767339795827866,0.10325926542282104,-0.020440367981791496,0.36213648319244385
0.01907767914235592,0.2510431110858917,0.08584954589605331,-0.7242729663848877
0.020440367981791496,0.12914690375328064,0.004088073503226042,-0.7242729663848877
0.01589806377887726,0.2652845084667206,0.05723302811384201,-0.7242729663848877
0.07767339795827866,0.22916895151138306,0.00817614421248436,0.8449851274490356
0.008176147006452084,0.08614105731248856,-0.010901529341936111,-0.12071216106414795
-0.04088073596358299,0.12419941276311874,-0.004088073503226042,0.12071216106414795
0.08176146447658539,0.1808803677558899,-0.03747400641441345,-0.8449851274490356
-0.032704588025808334,0.2590690553188324,0.016352294012904167,-0.9656972885131836
-0.04428746551275253,0.16820505261421204,-0.006132110022008419,-0.3017804026603699
0.016352294012904167,0.12972791492938995,-0.004088073503226042,0.2414243221282959
0.024528441950678825,0.2270786315202713,0.043606117367744446,-0.9656972885131836
0.00408807210624218,0.1227356344461441,-0.002044036751613021,-0.6035608053207397
0.07358532398939133,0.23074215650558472,0.00817614421248436,0.7242729663848877
-0.024528440088033676,0.12823785841464996,-0.008176147006452084,-0.12071216106414795
0.05450764670968056,0.22784364223480225,0.016352294012904167,-0.8449851274490356
0.06132110208272934,0.19415715336799622,0.013626910746097565,0.8449851274490356
0.02997920662164688,0.0818522647023201,-0.002725382335484028,-0.12071216106414795
0.01953190751373768,0.15287940204143524,0.0009084609337151051,0.4828486442565918
0.09538838267326355,0.13325846195220947,-0.008176147937774658,0.8449851274490356
0.054507650434970856,0.1954553723335266,0.0034067295491695404,0.8449851274490356
-0.01362691167742014,0.08544845134019852,-0.010901529341936111,-0.12071216106414795
-0.03951804339885712,0.16958259046077728,0.00681345583871007,0.4828486442565918
0.019077681005001068,0.2790336012840271,-0.03815535455942154,-0.9656972885131836
-0.024528440088033676,0.12823785841464996,-0.008176147006452084,-0.6035608053207397
0.051782265305519104,0.15126395225524902,-0.021803058683872223,0.12071216106414795
-0.016352294012904167,0.1735706925392151,0.005450764670968056,0.6035608053207397
0.07154129445552826,0.27001166343688965,-0.047694191336631775,-0.9656972885131836
-0.0027253814041614532,0.23413905501365662,0.010901530273258686,0.6035608053207397
0.010901529341936111,0.17098380625247955,0.032704588025808334,0.7242729663848877
-0.021803058683872223,0.17297054827213287,-0.005450764670968056,-0.7242729663848877
0.005450764670968056,0.08350735902786255,-0.010901529341936111,-0.12071216106414795
0.029070746153593063,0.14693722128868103,-0.10083914548158646,-0.12071216106414795
0.004088073968887329,0.08079901337623596,-0.01498960331082344,0.12071216106414795
0.03815535455942154,0.16941271722316742,0.016352294012904167,-0.8449851274490356
-0.024528440088033676,0.08364748954772949,-0.002725382335484028,-0.12071216106414795
0.01362691167742014,0.08575215190649033,-0.008176147006452084,0.12071216106414795
0.010901529341936111,0.17331375181674957,0.016352294012904167,0.7242729663848877
0.021462388336658478,0.2234756499528885,-0.020440366119146347,-0.060356080532073975
-0.024528440088033676,0.08207881450653076,-0.016352294012904167,-0.12071216106414795
0.023847095668315887,0.19348034262657166,0.010220184922218323,0.18106824159622192
-0.008176147006452084,0.2613810896873474,0.008176147006452084,0.8449851274490356
0.028616514056921005,0.1275845766067505,-0.004088073503226042,-0.6035608053207397
-0.025436902418732643,0.27049118280410767,0.009538836777210236,-0.9656972885131836
0.05314495414495468,0.2361893355846405,-0.00817614421248436,0.6035608053207397
0.13626912236213684,0.14882734417915344,-0.07131417095661163,-0.32189908623695374
-0.03815535455942154,0.14637070894241333,-0.01975902169942856,0.5432047247886658
0.013626910746097565,0.19100013375282288,0.03179612755775452,0.8449851274490356
0.04496880993247032,0.12175323814153671,-0.016352294012904167,0.4828486442565918
-0.06540917605161667,0.2528003454208374,0.016352294012904167,0.8449851274490356
-0.06041264533996582,0.26010701060295105,0.03497574105858803,0.8449851274490356
-0.04905688017606735,0.12234440445899963,0.010901529341936111,0.8449851274490356
0.029979204759001732,0.23594048619270325,0.021803056821227074,0.6035608053207397
0.03338593617081642,0.19175782799720764,-0.008176147006452084,0.3017804026603699
0.00953883957117796,0.2698328197002411,0.01589806377887726,-0.9656972885131836
0.04088073596358299,0.19858244061470032,-0.010220181196928024,0.8449851274490356
-0.021803058683872223,0.1722821146249771,0.016352294012904167,0.7242729663848877
0.047694191336631775,0.18945130705833435,0.01589806377887726,0.7242729663848877
0.04530948027968407,0.12253741919994354,-0.05655168369412422,0.4526706039905548
0.07767339795827866,0.230641707777977,0.012264218181371689,0.7242729663848877
-0.010901529341936111,0.17374178767204285,0.010901529341936111,0.8449851274490356
0.04315188527107239,0.18853814899921417,0.029524974524974823,0.6035608053207397
-0.0463314987719059,0.22702331840991974,0.03542996942996979,-0.9656972885131836
0.03815535083413124,0.22111235558986664,0.059958409518003464,0.7242729663848877
0.03815535455942154,0.2219735085964203,-0.044514577835798264,-0.36213648319244385
-0.012718451209366322,0.26938095688819885,0.03815535455942154,-0.8449851274490356
0.016352294012904167,0.1735706925392151,0.005450764670968056,-0.8449851274490356
0.028616514056921005,0.12738794088363647,0.008176147006452084,0.6035608053207397
0.004769418388605118,0.27834033966064453,-0.05723303183913231,-0.8449851274490356
0.010901529341936111,0.17331375181674957,-0.016352294012904167,-0.9656972885131836
0.005450764670968056,0.08635635673999786,-0.010901529341936111,-0.12071216106414795
0.010901530273258686,0.13809925317764282,-0.0018169215181842446,0.4828486442565918
-0.004542304668575525,0.19572649896144867,0.018169214949011803,-0.9656972885131836
0.043606117367744446,0.2297082245349884,0.024528441950678825,0.7242729663848877
0.051782265305519104,0.16385819017887115,-0.025891132652759552,-0.36213648319244385
0.021803058683872223,0.061097484081983566,-0.01907767727971077,0.12071216106414795
-0.03406728059053421,0.1936853975057602,-0.05450764670968056,-0.9656972885131836
-0.017260754480957985,0.07550438493490219,-0.02361997961997986,-0.12071216106414795
-0.023847093805670738,0.1942392885684967,-0.051100920885801315,-0.9656972885131836
-0.012604894116520882,0.24028469622135162,-0.051782265305519104,-0.030178040266036987
-0.024528440088033676,0.1274535208940506,-0.016352294012904167,0.12071216106414795
0.06813456118106842,0.187501460313797,-0.03747400641441345,-0.8449851274490356
0.06472782790660858,0.1923505961894989,-0.010220181196928024,0.8449851274490356
0.01498960331082344,0.08069396764039993,-0.010901529341936111,-0.12071216106414795
0.005450764670968056,0.17232343554496765,0.029070744290947914,-0.4828486442565918
-0.015898065641522408,0.2642330527305603,0.05723302811384201,-0.8449851274490356
-0.005450764670968056,0.17425404489040375,0.005450764670968056,-0.9656972885131836
-0.043606117367744446,0.22958676517009735,0.024528440088033676,-0.8449851274490356
-0.052236493676900864,0.18675190210342407,0.011355760507285595,0.7242729663848877
-0.012264220044016838,0.12862823903560638,-0.020440367981791496,0.2414243221282959
0.024528440088033676,0.1195516437292099,0.010220183059573174,-0.7242729663848877
0.047694191336631775,0.19728676974773407,-0.0034067295491695404,0.7242729663848877
0.029070748016238213,0.1391698569059372,-0.03315882012248039,-0.16094954311847687
0.009084606543183327,0.1928960680961609,0.024982670322060585,-0.9656972885131836
0.054507650434970856,0.19676265120506287,-0.006813455373048782,0.8449851274490356
-0.05314495414495468,0.11841308325529099,-0.016352294012904167,-0.12071216106414795
-0.07358532398939133,0.17235448956489563,-0.028616514056921005,-0.2414243221282959
0.009538840502500534,0.28512054681777954,-0.023847095668315887,-0.9656972885131836
-0.032023243606090546,0.2319885492324829,0.020440367981791496,-0.8449851274490356
0.02997920662164688,0.0818522647023201,0.002725382335484028,-0.12071216106414795
0.06186617910861969,0.1459769308567047,0.005995841231197119,0.6518456935882568
0.016352294012904167,0.17288464307785034,-0.016352294012904167,-0.8449851274490356
0.024982670322060585,0.19267164170742035,0.02271152101457119,0.8449851274490356
0.043606117367744446,0.07508416473865509,0.008176147006452084,0.12071216106414795
-0.010220181196928024,0.19886252284049988,-0.04088073596358299,-0.9656972885131836
-0.043606117367744446,0.1685335487127304,0.010901529341936111,-0.9656972885131836
-0.06813456118106842,0.19077804684638977,-0.05723303183913231,-0.36213648319244385
-0.01589806377887726,0.2696957290172577,0.03179612755775452,0.7242729663848877
0.020440367981791496,0.12895265221595764,0.008176147006452084,0.6035608053207397
-0.04088073596358299,0.22681227326393127,-0.0027253825683146715,0.7242729663848877
-0.002725382335484028,0.17015480995178223,0.00545076560229063,0.8449851274490356
0.010901529341936111,0.16677755117416382,-0.008176147006452084,-0.8449851274490356
-0.012264220044016838,0.12921158969402313,-0.016352294012904167,0.2414243221282959
-0.0981137678027153,0.209261953830719,-0.005450765136629343,-0.9656972885131836
0.010901529341936111,0.17331375181674957,-0.016352294012904167,-0.6035608053207397
0.012264220044016838,0.1301780343055725,-0.004088073503226042,0.6035608053207397
0.004769418388605118,0.2753014862537384,-0.07154128700494766,-0.8449851274490356
0.03815535455942154,0.16941271722316742,0.016352294012904167,-0.9656972885131836
0.029070744290947914,0.06811904162168503,-0.009084608405828476,-0.12071216106414795
-0.002725382335484028,0.08678534626960754,-0.008176147006452084,0.12071216106414795
0.009538838639855385,0.304496705532074,0.01907767727971077,-0.9656972885131836
0.036111317574977875,0.16858543455600739,-0.017714984714984894,-0.7242729663848877
-0.032704588025808334,0.2594558298587799,0.008176147006452084,0.7242729663848877
-0.01907767727971077,0.304496705532074,0.009538838639855385,-0.7242729663848877
0.010901529341936111,0.22765055298805237,-0.00749480165541172,-0.6639168858528137
0.02316574938595295,0.07951377332210541,-0.004088073503226042,0.12071216106414795
-0.04905688017606735,0.2568663954734802,-0.008176147006452084,0.7242729663848877
-0.05723302811384201,0.255169153213501,0.008176147006452084,-0.8449851274490356
-0.034748625010252,0.16951043903827667,-0.021803058683872223,-0.5432047247886658
-0.02725382335484028,0.17219586670398712,-0.005450764670968056,0.8449851274490356
-0.00681345583871007,0.21781755983829498,-0.00681345583871007,-0.7242729663848877
0.002725382335484028,0.10871674865484238,-0.00681345583871007,-0.18106824159622192
-0.01362691167742014,0.08609793335199356,-0.002725382335484028,0.2414243221282959
-0.04088073596358299,0.21405531466007233,0.00681345583871007,0.7242729663848877
-0.009538838639855385,0.304496705532074,0.01907767727971077,0.8449851274490356
0.010901529341936111,0.17399810254573822,0.005450764670968056,-0.6035608053207397
0.002725382335484028,0.08609793335199356,-0.01362691167742014,-0.12071216106414795
0.009538838639855385,0.08423255383968353,-0.01362691167742014,0.12071216106414795
-0.04496880993247032,0.22925251722335815,-0.025891132652759552,0.060356080532073975
0.0034067281521856785,0.19604641199111938,-0.002725382335484028,-0.18106824159622192
-0.047694191336631775,0.21176588535308838,0.020440367981791496,0.6035608053207397
0.01907767727971077,0.3008894920349121,0.047694191336631775,0.6035608053207397
-0.008176147006452084,0.2594558298587799,0.032704588025808334,-0.8449851274490356
-0.017169907689094543,0.17292748391628265,0.0024528440553694963,-0.5794183611869812
0.010901529341936111,0.08614105731248856,-0.008176147006452084,0.12071216106414795
0.012264220044016838,0.12998531758785248,0.008176147006452084,0.4828486442565918
-0.024528440088033676,0.25997063517570496,0.016352294012904167,0.6035608053207397
-0.08584954589605331,0.22696030139923096,0.012718451209366322,-0.7242729663848877
0.012264220044016838,0.12791164219379425,0.024528440088033676,-0.2414243221282959
0.05450764670968056,0.15999169647693634,0.01498960331082344,0.12071216106414795
0.039972275495529175,0.21090839803218842,-0.015443832613527775,-0.36213648319244385
-0.024528440088033676,0.25997063517570496,-0.016352294012904167,-0.9656972885131836
-0.012264220044016838,0.12921158969402313,-0.016352294012904167,-0.36213648319244385
-0.029638532549142838,0.20717443525791168,0.003066054545342922,-0.4828486442565918
0.021803060546517372,0.21238942444324493,-0.020894598215818405,0.281661719083786
0.017714984714984894,0.20350179076194763,-0.020440367981791496,-0.36213648319244385
0.035089295357465744,0.1550445854663849,-0.012945566326379776,-0.5432047247886658
0.008176147006452084,0.08665687590837479,-0.005450764670968056,0.2414243221282959
-0.03406728059053421,0.2152448147535324,-0.00681345583871007,0.6035608053207397
-0.0006813462823629379,0.165006622672081,-0.006132110022008419,-0.6639168858528137
0.004769419319927692,0.2385614812374115,-0.01907767727971077,-0.12071216106414795
-0.009538838639855385,0.11918249726295471,-0.040199387818574905,-0.3017804026603699
0.006132110022008419,0.15220490097999573,-0.004088073503226042,0.5432047247886658
-0.009538838639855385,0.30494460463523865,-0.009538838639855385,0.8449851274490356
-0.003406727686524391,0.17195254564285278,-0.010220183990895748,-0.6035608053207397
0.03066055104136467,0.12040829658508301,-0.006132110022008419,0.36213648319244385
0.05110091716051102,0.19660720229148865,0.0034067295491695404,0.8449851274490356
0.010220183059573174,0.1229335367679596,-0.002044036751613021,0.2414243221282959
-0.04088073596358299,0.21372975409030914,0.01362691167742014,0.7242729663848877
-0.008176147006452084,0.2613810896873474,0.008176147006452084,-0.9656972885131836
-0.009084607474505901,0.17716367542743683,0.007267686538398266,-0.6035608053207397
-0.03815535455942154,0.16985058784484863,0.010901529341936111,0.7242729663848877
-0.02725382335484028,0.17219586670398712,0.005450764670968056,-0.4828486442565918
0.028616515919566154,0.18170000612735748,-0.011809990741312504,-0.16094954311847687
-0.06540917605161667,0.18416708707809448,0.016352294012904167,0.6035608053207397
0.031796131283044815,0.26969483494758606,0.044514577835798264,-0.7242729663848877
-0.01362691167742014,0.21749763190746307,0.00681345583871007,-0.7242729663848877
-0.020440367981791496,0.12914690375328064,-0.004088073503226042,-0.2414243221282959
0.06540917605161667,0.16132789850234985,0.010901529341936111,0.6035608053207397
0.032704588025808334,0.2590690553188324,0.016352294012904167,-0.9656972885131836
0.024528440088033676,0.12791164219379425,-0.012264220044016838,-0.4828486442565918
-0.010560857132077217,0.17765846848487854,-0.018055658787488937,-0.6035608053207397
0.012264220044016838,0.1301780343055725,-0.004088073503226042,-0.7242729663848877
-0.0020440369844436646,0.12375567853450775,-0.016352294012904167,0.36213648319244385
0.05382630228996277,0.214991956949234,0.01839633099734783,0.39231452345848083
0.008176147937774658,0.19428089261054993,-0.16170603036880493,0.281661719083786
-0.01907767727971077,0.3008894920349121,0.047694191336631775,0.7242729663848877
-0.009538838639855385,0.304496705532074,0.01907767727971077,-0.8449851274490356
0.012264220044016838,0.19383075833320618,0.008176147006452084,-0.7242729663848877
0.024528440088033676,0.12254063785076141,0.0040880730375647545,0.6035608053207397
0.013626910746097565,0.20320278406143188,0.020440367981791496,-0.8449851274490356
0.004088073503226042,0.1306905448436737,0.004088073503226042,0.4828486442565918
0.016352294012904167,0.2528003454208374,0.06540917605161667,0.8449851274490356
0.028616514056921005,0.1275845766067505,0.004088073503226042,-0.6035608053207397
0.069497250020504,0.23958608508110046,0.0009084604680538177,-0.36213648319244385
0.012264220975339413,0.08087696135044098,0.002725382335484028,0.12071216106414795
-0.00681345583871007,0.21099722385406494,0.05450764670968056,0.8449851274490356
-0.01362691167742014,0.1946876347064972,0.006813457701355219,0.8449851274490356
0.028616514056921005,0.12223272025585175,0.03679266199469566,0.6035608053207397
-0.02225729078054428,0.2683383822441101,0.03815535455942154,-0.9656972885131836
0.0749480128288269,0.18814018368721008,0.010220181196928024,0.7242729663848877
0.043606117367744446,0.07473712414503098,-0.010901529341936111,0.12071216106414795
0.010901529341936111,0.17374178767204285,0.010901529341936111,0.7242729663848877
0.008630377240478992,0.2283148169517517,-0.04269765689969063,-0.8449851274490356
-0.00681345583871007,0.21749763190746307,0.01362691167742014,0.7242729663848877
0.032704588025808334,0.1264001727104187,-0.008176147006452084,-0.6035608053207397
-0.04292477294802666,0.2790953516960144,0.004769419319927692,-0.12071216106414795
-0.004088073503226042,0.12972791492938995,-0.016352294012904167,0.4828486442565918
-0.03497574105858803,0.26932209730148315,0.009538836777210236,-0.9656972885131836
0.03542996942996979,0.22455602884292603,0.032704588025808334,0.7242729663848877
-0.17033641040325165,0.09412068128585815,-0.01907767727971077,-0.36213648319244385
0.02997920662164688,0.15943729877471924,-0.005450764670968056,0.12071216106414795
-0.047694191336631775,0.21264095604419708,-0.00681345583871007,-0.7242729663848877
0.06132110580801964,0.17557188868522644,0.0031796128023415804,-0.281661719083786
0.012264220044016838,0.12202636897563934,0.018396329134702682,0.4828486442565918
0.021803056821227074,0.24005267024040222,0.01907767727971077,0.8449851274490356
0.027253825217485428,0.2156430184841156,-0.014308257959783077,-0.4224925637245178
-0.018055658787488937,0.1941361427307129,-0.0013626914005726576,0.6035608053207397
0.04496880993247032,0.12223271280527115,-0.012264220044016838,-0.7242729663848877
-0.03815535455942154,0.1687977910041809,0.021803058683872223,0.7242729663848877
-0.013626912608742714,0.18976940214633942,0.03406728059053421,0.8449851274490356
-0.004088072571903467,0.17882901430130005,-0.0009084609337151051,0.68403559923172
0.08857493102550507,0.17968058586120605,-0.010220184922218323,0.7242729663848877
-0.03815535455942154,0.07823318988084793,-0.005450764670968056,-0.12071216106414795
-0.032704588025808334,0.16569389402866364,0.008857492357492447,0.5432047247886658
-0.01907767914235592,0.22964398562908173,0.027253825217485428,-0.9656972885131836
-0.018169216811656952,0.19344133138656616,0.0022711518686264753,0.8449851274490356
-0.00408807210624218,0.117690809071064,-0.020440367981791496,0.12071216106414795
-0.014308258891105652,0.2791215777397156,-0.05246361345052719,-0.9656972885131836
0.032704588025808334,0.11919465661048889,-0.002044036751613021,-0.6035608053207397
-0.038496024906635284,0.24737271666526794,0.00374740082770586,-0.3017804026603699
0.023847095668315887,0.2790852189064026,-0.014308257959783077,-0.12071216106414795
-0.023506421595811844,0.16178467869758606,-0.036111317574977875,-0.6035608053207397
0.032704588025808334,0.17098380625247955,0.010901529341936111,-0.9656972885131836
0.01907767727971077,0.08505638688802719,-0.002725382335484028,-0.12071216106414795
0.07676493376493454,0.1627587080001831,0.008630378171801567,0.7242729663848877
0.12400490045547485,0.2528609335422516,-0.014308257959783077,-0.7242729663848877
0.016352294012904167,0.1295345276594162,0.008176147006452084,-0.8449851274490356
-0.032704588025808334,0.17054884135723114,0.016352294012904167,0.7242729663848877
0.10628990828990936,0.22303903102874756,0.016352292150259018,0.8449851274490356
0.04088073596358299,0.19807925820350647,-0.017033640295267105,0.8449851274490356
0.04905688017606735,0.11876539885997772,-0.024528440088033676,0.12071216106414795
0.0034067295491695404,0.1988145112991333,-0.04088073596358299,-0.9656972885131836
0.03815535455942154,0.17011277377605438,-0.005450764670968056,-0.7242729663848877
0.016352294012904167,0.1735706925392151,0.005450764670968056,0.8449851274490356
0.08993761241436005,0.22631174325942993,-0.004088070243597031,0.8449851274490356
0.0452413484454155,0.17062808573246002,-0.021257981657981873,-0.3862789273262024
-0.04496880993247032,0.12257405370473862,0.008176147006452084,0.36213648319244385
0.023847099393606186,0.2785123586654663,-0.05246361345052719,-0.8449851274490356
0.06472782790660858,0.19107991456985474,-0.006813455373048782,0.7242729663848877
-0.03815535455942154,0.17011277377605438,0.005450764670968056,0.8449851274490356
0.08721223473548889,0.13672123849391937,-0.008176146075129509,0.8449851274490356
0.009084607474505901,0.14030466973781586,-0.01362691167742014,0.32189908623695374
0.11037798225879669,0.21708975732326508,-0.012264218181371689,0.6035608053207397
0.00204403605312109,0.19209107756614685,0.0006813458167016506,0.12071216106414795
-0.010220181196928024,0.1973314881324768,-0.047694191336631775,-0.9656972885131836
-0.021803058683872223,0.17271271347999573,0.010901529341936111,-0.7242729663848877
-0.005450764670968056,0.1735706925392151,0.016352294012904167,0.8449851274490356
0.04387865960597992,0.22321102023124695,0.019895292818546295,-0.1931394636631012
0.025436902418732643,0.13830894231796265,-0.008176147006452084,0.6035608053207397
0.01839633285999298,0.24262650310993195,0.0036338437348604202,-0.7846290469169617
-0.016352294012904167,0.17331375181674957,0.010901529341936111,-0.9656972885131836
0.01090153120458126,0.16011953353881836,-0.01907767727971077,-0.9656972885131836
0.021803058683872223,0.1692008078098297,-0.010901529341936111,-0.7242729663848877
0.07085993885993958,0.1402445137500763,-0.03542996942996979,-0.9656972885131836
0.043606117367744446,0.16200803220272064,-0.025891130790114403,-0.2414243221282959
0.024982672184705734,0.18566453456878662,-0.008176147937774658,0.36213648319244385
-0.008176147937774658,0.23169225454330444,0.016352294012904167,-0.9656972885131836
0.06540917605161667,0.2323983758687973,-0.016352292150259018,0.8449851274490356
0.09606973826885223,0.1697995960712433,-0.010220183990895748,-0.4224925637245178
-0.005450764670968056,0.1520719975233078,-0.006359225604683161,0.6035608053207397
0.032704588025808334,0.12606918811798096,-0.012264220044016838,-0.4828486442565918
0.013626912608742714,0.1908050924539566,0.024982670322060585,-0.9656972885131836
0.04428746551275253,0.19682444632053375,-0.006813455373048782,0.8449851274490356
0.0506921112537384,0.15641744434833527,-0.0005450764438137412,-0.3862789273262024
0.012037106789648533,0.20449040830135345,-0.01862344890832901,-0.7242729663848877
-0.028616514056921005,0.2683596909046173,0.012718451209366322,0.8449851274490356
0.004088073503226042,0.12972791492938995,0.016352294012904167,0.4828486442565918
-0.028616515919566154,0.26449084281921387,0.04769419506192207,-0.9656972885131836
0.04088073596358299,0.21405531466007233,-0.00681345583871007,-0.9656972885131836
-0.014535371214151382,0.21558719873428345,-0.01317268144339323,-0.20118694007396698
0.020440367981791496,0.12895265221595764,-0.008176147006452084,0.4828486442565918
-0.025436900556087494,0.26154518127441406,0.006359225604683161,-0.9656972885131836
0.07631070911884308,0.15599094331264496,-0.016352294012904167,-0.8449851274490356
-0.010901529341936111,0.17374178767204285,0.010901529341936111,0.7242729663848877
0.04496880993247032,0.12277840077877045,0.004088073503226042,-0.8449851274490356
0.04224342480301857,0.1889459788799286,-0.020440367981791496,0.2112462818622589
0.0031796135008335114,0.2668001651763916,0.04133496433496475,-0.8449851274490356
0.04088073596358299,0.21372975409030914,0.01362691167742014,-0.9656972885131836
0.032704588025808334,0.17054884135723114,0.016352294012904167,0.7242729663848877
0.09402568638324738,0.2230849266052246,-0.00817614421248436,0.7242729663848877
-0.07154128700494766,0.2660386562347412,0.05723302811384201,-0.7242729663848877
-0.023847095668315887,0.23130840063095093,-0.010220183990895748,-0.8449851274490356
0.010901529341936111,0.17399810254573822,0.005450764670968056,0.8449851274490356
0.0981137678027153,0.20293572545051575,-0.04088073596358299,0.8449851274490356
0.008176147006452084,0.16311363875865936,-0.20440366864204407,0.12071216106414795
-0.02725382335484028,0.19179242849349976,0.018169214949011803,-0.9656972885131836
0.05246361345052719,0.2791215777397156,0.014308258891105652,0.7242729663848877
0.008630375377833843,0.17669692635536194,-0.0009084607590921223,-0.8047477602958679
0.03497574105858803,0.18813122808933258,-0.06450071185827255,0.32189908623695374
-0.020440366119146347,0.2403198629617691,-0.032704588025808334,-0.8449851274490356
0.09402568638324738,0.22442299127578735,0.012264218181371689,0.7242729663848877
-0.028616514056921005,0.12600289285182953,-0.020440367981791496,0.12071216106414795
-0.03066055104136467,0.19723153114318848,-0.03406728059053421,-0.9656972885131836
0.043606117367744446,0.1680922508239746,0.016352294012904167,-0.9656972885131836
0.015443834476172924,0.24211880564689636,-0.047694191336631775,0.12071216106414795
-0.028616515919566154,0.3037487268447876,-0.009538838639855385,-0.12071216106414795
0.008176147006452084,0.13049858808517456,-0.004088073503226042,0.36213648319244385
-0.01589806377887726,0.2615853250026703,0.06041264161467552,-0.8449851274490356
0.01907767541706562,0.1912613809108734,-0.004088073503226042,-0.40237388014793396
0.059958409518003464,0.13635386526584625,0.05450764670968056,-0.9656972885131836
0.047694191336631775,0.21264095604419708,0.00681345583871007,-0.8449851274490356
0.021803058683872223,0.08439888805150986,-0.002725382335484028,-0.12071216106414795
0.024528440088033676,0.1284331977367401,0.004088073503226042,0.2414243221282959
0.005450765136629343,0.22353611886501312,0.051782265305519104,-0.9656972885131836
-0.032704588025808334,0.17098380625247955,0.010901529341936111,-0.6035608053207397
-0.07869542390108109,0.1540219485759735,-0.0003406729083508253,-0.12071216106414795
0.02657247707247734,0.12244580686092377,0.010220183990895748,0.6035608053207397
0.00681345583871007,0.21749763190746307,0.01362691167742014,-0.7242729663848877
-0.04088073596358299,0.20129983127117157,0.015443832613527775,-0.7846290469169617
0.03815535455942154,0.3022472560405731,0.01907767727971077,-0.7242729663848877
0.07085993885993958,0.18944236636161804,-0.020440367981791496,0.40237388014793396
0.012718451209366322,0.07288298010826111,-0.004542303737252951,-0.12071216106414795
0.0463314987719059,0.1268438994884491,0.004088073503226042,0.68403559923172
0.08176147192716599,0.23097418248653412,0.0022711523342877626,0.08047477155923843
-0.009538838639855385,0.16019417345523834,-0.01362691167742014,-0.3017804026603699
-0.02361997961997986,0.06362929195165634,-0.002725382335484028,0.12071216106414795
-0.032704588025808334,0.16914944350719452,0.02725382335484028,0.7242729663848877
0.054507650434970856,0.19676265120506287,-0.006813455373048782,0.8449851274490356
0.04496880993247032,0.20775142312049866,-0.002725382335484028,0.12071216106414795
0.008176147006452084,0.13049858808517456,0.004088073503226042,-0.7242729663848877
0.059958409518003464,0.13576337695121765,-0.09538838267326355,0.6035608053207397
-0.0027253851294517517,0.25348442792892456,0.003406727919355035,-0.7242729663848877
0.04088073596358299,0.07626202702522278,-0.010901529341936111,-0.12071216106414795
-0.04224342852830887,0.186754509806633,-0.02248440496623516,0.3017804026603699
0.051782265305519104,0.22047843039035797,0.027253825217485428,-0.8449851274490356
0.012264220044016838,0.12461689114570618,0.008176147006452084,-0.6035608053207397
0.02725382335484028,0.17150430381298065,0.016352294012904167,0.8449851274490356
0.021803058683872223,0.17089690268039703,0.02725382335484028,-0.7242729663848877
0.11174067854881287,0.13195836544036865,0.020894598215818405,-0.32189908623695374
0.06132110208272934,0.11292262375354767,0.024528440088033676,0.7242729663848877
0.04088073596358299,0.21318605542182922,-0.020440367981791496,-0.7242729663848877
-0.06711254268884659,0.16008226573467255,-0.010220183990895748,-0.36213648319244385
-0.002725382335484028,0.08699905127286911,-0.005450764670968056,0.12071216106414795
0.013626912608742714,0.18152235448360443,0.06132110208272934,-0.9656972885131836
-0.032023243606090546,0.2503233551979065,0.004769419319927692,-0.7242729663848877
0.016352294012904167,0.08562212437391281,0.002725382335484028,-0.2414243221282959
0.025891132652759552,0.20965459942817688,-0.03577063977718353,0.12071216106414795
0.11923548579216003,0.253085196018219,-0.004769419319927692,-0.8449851274490356
0.021348826587200165,0.19884979724884033,-0.009993068873882294,-0.4828486442565918
0.05314495414495468,0.1149759292602539,0.032704588025808334,0.7242729663848877
-0.012718451209366322,0.2653975486755371,0.0540534183382988,-0.9656972885131836
0.01907767727971077,0.08505638688802719,0.002725382335484028,-0.2414243221282959
0.032704588025808334,0.20354069769382477,-0.029070746153593063,0.7645103335380554
0.009538838639855385,0.29967746138572693,0.05723303183913231,-0.9656972885131836
0.016352294012904167,0.16941271722316742,0.03815535455942154,-0.6035608053207397
0.009538838639855385,0.08107757568359375,0.009538838639855385,-0.12071216106414795
-0.008176147937774658,0.13199271261692047,-0.04142581298947334,0.21728189289569855
0.009538840502500534,0.28440648317337036,-0.028616514056921005,-0.9656972885131836
0.020440367981791496,0.2143803834915161,0.03406728059053421,-0.8449851274490356
0.04088073596358299,0.25000834465026855,-0.06540917605161667,-0.2414243221282959
-0.0005840089288540184,0.1876724362373352,-0.014600262977182865,0.4311148524284363
0.01907767727971077,0.3022472560405731,0.03815535455942154,0.8449851274490356
0.04905688017606735,0.25372418761253357,0.04088073596358299,-0.8449851274490356
0.028616514056921005,0.16837765276432037,0.008176147006452084,-0.5230860114097595
0.12264220416545868,0.2274674028158188,-0.04088073596358299,-0.12071216106414795
0.04905688017606735,0.10462594032287598,0.06132110208272934,0.6035608053207397
0.06041264533996582,0.23444390296936035,0.11128644645214081,-0.9656972885131836
0.126730278134346,0.2059580683708191,0.00817614421248436,0.8449851274490356
0.01907767727971077,0.08505638688802719,-0.002725382335484028,-0.12071216106414795
0.004769418388605118,0.28352928161621094,-0.01907767727971077,0.2414243221282959
0.03497574105858803,0.263340562582016,0.0540534183382988,-0.8449851274490356
-0.005450766067951918,0.22870415449142456,0.01544383354485035,-0.7645103335380554
-0.001816921285353601,0.07458391785621643,-0.024528440088033676,-0.12071216106414795
0.020440366119146347,0.12311004102230072,0.010220183990895748,0.4828486442565918
-0.01907767727971077,0.3008894920349121,0.047694191336631775,0.7242729663848877
0.010901529341936111,0.17331375181674957,0.016352294012904167,-0.7242729663848877
-0.002725382335484028,0.08678534626960754,-0.008176147006452084,-0.12071216106414795
-0.02486911416053772,0.1448201984167099,-0.008857492357492447,0.6035608053207397
0.028616515919566154,0.2984604835510254,0.05723303183913231,0.7242729663848877
0.047694191336631775,0.2990696132183075,0.03815535455942154,-0.8449851274490356
0.06904301792383194,0.20354939997196198,-0.0009084592456929386,0.40237388014793396
0.07154128700494766,0.1797976791858673,0.0020440365187823772,-0.12071216106414795
0.020440367981791496,0.21664217114448547,0.01362691167742014,-0.8449851274490356
-0.002725382335484028,0.08699905127286911,0.005450764670968056,-0.36213648319244385
0.002725382335484028,0.08699905127286911,0.005450764670968056,0.12071216106414795
0.016352294012904167,0.17150430381298065,0.02725382335484028,0.6035608053207397
0.009538838639855385,0.30134278535842896,0.047694191336631775,0.7242729663848877
0.04088073596358299,0.21318605542182922,0.020440367981791496,-0.8449851274490356
0.002725382335484028,0.08712702244520187,0.002725382335484028,-0.2414243221282959
0.024528440088033676,0.12823785841464996,0.008176147006452084,0.4828486442565918
0.024528440088033676,0.25725647807121277,0.04088073596358299,0.8449851274490356
0.03406728059053421,0.213621124625206,0.02725382335484028,-0.9656972885131836
-0.00681345583871007,0.08392854779958725,0.00681345583871007,-0.36213648319244385
0.01907767727971077,0.08505638688802719,-0.002725382335484028,0.12071216106414795
0.02725382335484028,0.17193685472011566,0.010901529341936111,0.8449851274490356
0.024528440088033676,0.25411906838417053,0.05723302811384201,-0.9656972885131836
-0.05723302811384201,0.11504858732223511,0.024528440088033676,-0.2414243221282959
-0.04088073596358299,0.089567169547081,0.01907767727971077,0.6035608053207397
0.021803058683872223,0.17089690268039703,0.02725382335484028,-0.8449851274490356
-0.009538838639855385,0.16950926184654236,-0.0065863411873579025,-0.281661719083786
0.03406728059053421,0.21143680810928345,0.04088073596358299,0.8449851274490356
0.01362691167742014,0.21589088439941406,0.02725382335484028,-0.8449851274490356
-0.1335437297821045,0.16120290756225586,0.00783547479659319,-0.36213648319244385
-0.020440367981791496,0.21011531352996826,0.05450764670968056,0.8449851274490356
0.043606117367744446,0.16879777610301971,0.005450764670968056,-0.8449851274490356
-0.010901529341936111,0.08648527413606644,-0.002725382335484028,-0.12071216106414795
-0.028616514056921005,0.06558308005332947,-0.03406728059053421,0.12071216106414795
0.016579408198595047,0.2324862778186798,0.03452150896191597,0.26154300570487976
-0.028616515919566154,0.29416146874427795,0.07631070911884308,-0.9656972885131836
0.06677187234163284,0.22079789638519287,0.0181692186743021,0.281661719083786
0.021803058683872223,0.07420916855335236,-0.024528440088033676,-0.12071216106414795
0.01498960331082344,0.12032455205917358,0.024528440088033676,0.6437981724739075
0.024528440088033676,0.25725647807121277,0.04088073596358299,-0.9656972885131836
0.024528440088033676,0.1284331977367401,0.004088073503226042,-0.4828486442565918
-0.020440367981791496,0.12914690375328064,0.004088073503226042,0.4828486442565918
0.008176147006452084,0.23160314559936523,0.032704588025808334,-0.9656972885131836
0.07040571421384811,0.22151656448841095,0.0022711523342877626,0.2414243221282959
-0.016352294012904167,0.12921158969402313,0.012264220044016838,0.6035608053207397
0.009538838639855385,0.29967746138572693,0.05723303183913231,0.8449851274490356
0.012264220044016838,0.12966349720954895,0.012264220044016838,-0.6035608053207397
0.002725382335484028,0.08712702244520187,0.002725382335484028,-0.12071216106414795
-0.005450764670968056,0.15232303738594055,0.004088073503226042,0.6639168858528137
0.05314495414495468,0.23602347075939178,-0.024528440088033676,-0.9656972885131836
-0.004088073503226042,0.12914690375328064,0.020440367981791496,-0.8449851274490356
-0.021803058683872223,0.17089690268039703,0.02725382335484028,0.8449851274490356
0.03815535083413124,0.16321736574172974,0.008176147006452084,-0.12071216106414795
-0.008176147006452084,0.08678534626960754,-0.002725382335484028,0.2414243221282959
-0.016352294012904167,0.25477588176727295,0.05723302811384201,0.8449851274490356
-0.005450764670968056,0.07211506366729736,-0.03406728059053421,-0.12071216106414795
0.004088073503226042,0.13049858808517456,-0.008176147006452084,0.6035608053207397
0.028616515919566154,0.30013254284858704,0.047694191336631775,0.8449851274490356
0.01907767727971077,0.3008894920349121,0.047694191336631775,-0.9656972885131836
0.0013626907020807266,0.2171526849269867,0.008176147006452084,-0.7846290469169617
0.0020440365187823772,0.21756035089492798,0.02725382335484028,0.030178040266036987
0.00953883770853281,0.27124306559562683,0.03497574105858803,0.8449851274490356
-0.0013626916334033012,0.07967695593833923,-0.01907767727971077,-0.12071216106414795
0.010901529341936111,0.08583872765302658,-0.010901529341936111,0.12071216106414795
0.01362691167742014,0.21492105722427368,0.03406728059053421,0.8449851274490356
0.009538838639855385,0.304496705532074,0.01907767727971077,-0.9656972885131836
0.024528440088033676,0.12283079326152802,0.004088073503226042,-0.6035608053207397
-0.04269765689969063,0.1345057487487793,0.028162285685539246,-0.12071216106414795
0.05041957274079323,0.16078415513038635,-0.008370818570256233,0.4656040370464325
0.10356453061103821,0.2043633759021759,-0.013626913540065289,0.8449851274490356
-0.006132110953330994,0.19402001798152924,-0.017033640295267105,0.4224925637245178
-0.07949031889438629,0.23246914148330688,0.02225729078054428,-0.9656972885131836
0.00953883770853281,0.08434665203094482,-0.008176147006452084,-0.18106824159622192
0.020440367981791496,0.12895265221595764,0.008176147006452084,0.6035608053207397
-0.01907767727971077,0.30329906940460205,0.028616515919566154,0.8449851274490356
-0.05382630228996277,0.23211655020713806,-0.01975902169942856,-0.6639168858528137
-0.020440367981791496,0.12895265221595764,0.008176147006452084,0.4828486442565918
-0.008176147006452084,0.2568663954734802,0.04905688017606735,0.8449851274490356
0.020440367981791496,0.2143803834915161,0.03406728059053421,-0.9656972885131836
0.021973395720124245,0.1702936887741089,-0.005961773917078972,-0.4375815987586975
-0.009538838639855385,0.16802595555782318,-0.032704588025808334,0.3017804026603699
-0.01907767727971077,0.30329906940460205,0.028616515919566154,0.8449851274490356
0.07085993885993958,0.15928921103477478,0.005450764670968056,-0.7242729663848877
0.002725382335484028,0.173570454120636,-0.008176147006452084,-0.12071216106414795
-0.09402570128440857,0.17823757231235504,0.013172682374715805,0.32189908623695374
0.032704588025808334,0.25634536147117615,0.04088073596358299,0.8449851274490356
-0.005450764670968056,0.17399810254573822,0.010901529341936111,-0.7242729663848877
0.03372660651803017,0.13872727751731873,-0.07188195735216141,-0.2112462818622589
-0.04996534436941147,0.12819965183734894,0.005450764670968056,0.281661719083786
0.005450764670968056,0.17425404489040375,0.005450764670968056,0.8449851274490356
0.05825505033135414,0.2264331728219986,-0.01464893203228712,0.39231452345848083
0.010901528410613537,0.14107538759708405,0.024528441950678825,0.6639168858528137
0.08176147192716599,0.22635993361473083,-0.004088073968887329,0.8449851274490356
0.0019077688921242952,0.16446076333522797,-0.007358532398939133,-0.6759880781173706
0.025436904281377792,0.17394596338272095,-0.004088073503226042,0.36213648319244385
0.15262141823768616,0.22375993430614471,-0.06200245022773743,-0.8449851274490356
0.03815535455942154,0.3022472560405731,0.01907767727971077,-0.9656972885131836
0.008176147006452084,0.1295345276594162,0.016352294012904167,-0.6035608053207397
0.0717683956027031,0.16722159087657928,0.03906381502747536,-0.12071216106414795
0.012945566326379776,0.1624835878610611,0.008176147006452084,0.4224925637245178
-0.009538838639855385,0.30134278535842896,0.047694191336631775,0.8449851274490356
0.047239962965250015,0.24320000410079956,0.019986137747764587,-0.04023738577961922
-0.028616512194275856,0.16520673036575317,0.020440367981791496,-0.2414243221282959
0.02271151915192604,0.18842627108097076,0.0036338430363684893,0.40237388014793396
-0.06677187234163284,0.2940067648887634,0.047694191336631775,0.7242729663848877
-0.005450764670968056,0.17219586670398712,0.02725382335484028,-0.7242729663848877
0.013626912608742714,0.08117997646331787,0.004088073503226042,-0.12071216106414795
0.032704588025808334,0.17054884135723114,0.016352294012904167,0.7242729663848877
0.016352294012904167,0.17288464307785034,0.016352294012904167,-0.8449851274490356
-0.01907767541706562,0.12019357085227966,-0.0034067274536937475,-0.18106824159622192
0.04905688017606735,0.16515007615089417,0.02725382335484028,0.7242729663848877
-0.009538838639855385,0.3037487268447876,0.028616515919566154,0.8449851274490356
0.01907767727971077,0.30329906940460205,0.028616515919566154,-0.9656972885131836
0.012264220044016838,0.12998531758785248,0.008176147006452084,-0.6035608053207397
-0.028616514056921005,0.1275845766067505,0.004088073503226042,0.6035608053207397
-0.009538838639855385,0.3037487268447876,0.028616515919566154,0.8449851274490356
0.05723303183913231,0.27834033966064453,-0.004769418388605118,0.8449851274490356
0.01417198870331049,0.13276520371437073,0.00245284428820014,-0.6759880781173706
0.008176147006452084,0.2594558298587799,0.032704588025808334,0.8449851274490356
0.0981137603521347,0.2196994423866272,0.004088073968887329,0.8449851274490356
0.03679266199469566,0.08057257533073425,-0.1212795153260231,0.12071216106414795
0.03406728059053421,0.24249954521656036,-0.02679959498345852,0.04023738577961922
0.03406728059053421,0.2143803834915161,0.020440367981791496,-0.9656972885131836
0.008176147937774658,0.19260850548744202,-0.0009084607590921223,-0.20118694007396698
-0.012264220044016838,0.1301780343055725,0.004088073503226042,0.7242729663848877
0.01907767727971077,0.30329906940460205,0.028616515919566154,0.8449851274490356
0.10015780478715897,0.2639164328575134,0.009538836777210236,0.8449851274490356
-0.004088073503226042,0.1301780343055725,0.012264220044016838,-0.4828486442565918
0.04905688017606735,0.16595765948295593,0.021803058683872223,0.8449851274490356
0.028616515919566154,0.30149370431900024,0.03815535455942154,-0.9656972885131836
0.016352294012904167,0.12921158969402313,0.012264220044016838,-0.6035608053207397
-0.013626912608742714,0.06871477514505386,-0.03815535455942154,-0.12071216106414795
-0.024528440088033676,0.12823785841464996,-0.008176147006452084,0.36213648319244385
0.01907767914235592,0.24988992512226105,0.09856799989938736,-0.6035608053207397
0.00681345583871007,0.21749763190746307,0.01362691167742014,-0.7242729663848877
0.0013626932632178068,0.1533498764038086,-0.007154128514230251,-0.6337388753890991
0.03406728059053421,0.213621124625206,0.02725382335484028,-0.7242729663848877
0.04315188527107239,0.1453714519739151,0.0009084607590921223,-0.6035608053207397
0.04088073596358299,0.07463767379522324,-0.01907767727971077,0.12071216106414795
0.03452150896191597,0.14065872132778168,-0.06813456118106842,0.5230860114097595
0.005450764670968056,0.17219586670398712,0.02725382335484028,-0.7242729663848877
-0.05723302811384201,0.13295917212963104,-0.04169834777712822,-0.31385162472724915
0.07585647702217102,0.1697586625814438,0.019986137747764587,0.20118694007396698
0.04667217284440994,0.2138255536556244,-0.014648931100964546,-0.18106824159622192
0.04088073596358299,0.255169153213501,0.04088073596358299,-0.7242729663848877
0.05450764670968056,0.11912113428115845,-0.10220184177160263,-0.2414243221282959
0.020440366119146347,0.09396407753229141,0.012264220044016838,-0.12071216106414795
0.05995841696858406,0.19072997570037842,-0.047012846916913986,0.12071216106414795
0.016352294012904167,0.25477588176727295,0.05723302811384201,0.7242729663848877
-0.019759025424718857,0.2551363408565521,0.020440367981791496,-0.5432047247886658
0.06609052419662476,0.16023771464824677,0.01362691167742014,-0.36213648319244385
0.01362691167742014,0.08596842736005783,0.005450764670968056,-0.12071216106414795
0.028616515919566154,0.16166825592517853,0.0018169215181842446,0.6035608053207397
0.047694191336631775,0.3008894920349121,0.01907767727971077,-0.8449851274490356
0.0672260969877243,0.21043919026851654,-0.010901527479290962,0.40237388014793396
-0.016352294012904167,0.12972791492938995,-0.004088073503226042,0.36213648319244385
0.05723303183913231,0.28425100445747375,0.09538838267326355,0.7242729663848877
0.04088073596358299,0.21372975409030914,0.01362691167742014,-0.7242729663848877
-0.027253825217485428,0.20548418164253235,-0.032250359654426575,-0.5230860114097595
-0.039972275495529175,0.14763973653316498,0.018169214949011803,0.4828486442565918
0.07358532398939133,0.250542551279068,-0.016352294012904167,-0.8449851274490356
0.05246361345052719,0.20812416076660156,-0.003406728617846966,-0.4828486442565918
-0.024528440088033676,0.12791164219379425,0.012264220044016838,0.2414243221282959
0.00681345583871007,0.2069990187883377,0.06813456118106842,0.8449851274490356
0.04088073596358299,0.21405531466007233,0.00681345583871007,-0.6035608053207397
0.03679266199469566,0.12547123432159424,0.004088073503226042,-0.36213648319244385
0.016352294012904167,0.08562212437391281,0.002725382335484028,-0.12071216106414795
-0.03134189546108246,0.17131638526916504,0.00749480165541172,0.5432047247886658
-0.00681345583871007,0.21264095604419708,0.047694191336631775,0.6035608053207397
0.008176147006452084,0.2609971761703491,-0.016352294012904167,-0.6035608053207397
0.02725382335484028,0.17150430381298065,0.016352294012904167,-0.36213648319244385
-0.0018169209361076355,0.13316459953784943,-0.01544383354485035,-0.16094954311847687
-0.0040880730375647545,0.15104472637176514,-0.002044036751613021,0.4224925637245178
0.06677187234163284,0.2964722514152527,0.028616515919566154,-0.8449851274490356
0.047012846916913986,0.23267632722854614,0.00749480165541172,-0.7242729663848877
0.05995841324329376,0.18020333349704742,-0.04973822832107544,-0.2112462818622589
-0.010901529341936111,0.08648527413606644,0.002725382335484028,0.12071216106414795
-0.028616514056921005,0.12705953419208527,0.012264220044016838,0.36213648319244385
-0.008176147006452084,0.25319668650627136,0.06540917605161667,0.6035608053207397
0.05450764670968056,0.21011531352996826,0.020440367981791496,-0.7242729663848877
0.02920052595436573,0.24381305277347565,-0.038350023329257965,-0.41387027502059937
0.04462813585996628,0.21076294779777527,-0.004769419319927692,0.39231452345848083
0.020440367981791496,0.21318605542182922,0.04088073596358299,0.7242729663848877
0.008176147006452084,0.2609971761703491,0.016352294012904167,-0.6035608053207397
0.014989601448178291,0.20490233600139618,0.006813455373048782,-0.6035608053207397
0.010901529341936111,0.2390357404947281,0.0463315024971962,-0.5130267143249512
0.04088073596358299,0.21242253482341766,0.02725382335484028,-0.7242729663848877
-0.05723302811384201,0.1985231190919876,-0.0027253825683146715,-0.36213648319244385
-0.021803058683872223,0.0842667743563652,0.005450764670968056,0.12071216106414795
-0.028616514056921005,0.12600289285182953,0.020440367981791496,0.36213648319244385
-0.032704588025808334,0.2530624270439148,0.05723302811384201,0.6639168858528137
0.03406728059053421,0.2152448147535324,0.00681345583871007,-0.8449851274490356
-0.019986135885119438,0.15132659673690796,0.0022711518686264753,-0.4828486442565918
-0.006132109556347132,0.22018972039222717,0.03066055104136467,0.7544510364532471
-0.008176147006452084,0.2609971761703491,-0.016352294012904167,-0.8449851274490356
0.059958409518003464,0.15906837582588196,-0.004088073503226042,0.12071216106414795
0.004088073968887329,0.12394551932811737,0.018396329134702682,0.2414243221282959
-0.024528440088033676,0.25997063517570496,0.016352294012904167,0.7242729663848877
0.08539531379938126,0.2135765254497528,-0.02271151915192604,-0.36213648319244385
-0.012945565395057201,0.15523186326026917,0.0044287461787462234,0.3017804026603699
0.009538838639855385,0.3026984930038452,0.03815535455942154,0.7242729663848877
0.02725382335484028,0.2153526395559311,0.020440367981791496,-0.8449851274490356
-0.025891132652759552,0.17217068374156952,0.006359225604683161,0.4426112473011017
-0.04088073596358299,0.21143680810928345,0.03406728059053421,0.6035608053207397
0.04088073596358299,0.21405531466007233,0.00681345583871007,-0.7242729663848877
0.020440367981791496,0.12686209380626678,0.024528440088033676,-0.2414243221282959
0.03236391395330429,0.2063390016555786,0.014308257959783077,0.5432047247886658
0.07631070911884308,0.29416146874427795,0.028616515919566154,0.7242729663848877
0.047694191336631775,0.2990696132183075,0.03815535455942154,-0.9656972885131836
0.024528440088033676,0.1634274572134018,0.010901529341936111,-0.4828486442565918
0.014989602379500866,0.08313487470149994,0.002725382335484028,0.12071216106414795
0.020440367981791496,0.21318605542182922,0.04088073596358299,0.6035608053207397
0.04088073596358299,0.21143680810928345,0.03406728059053421,-0.7242729663848877
-0.03577063977718353,0.12778085470199585,0.022143730893731117,-0.36213648319244385
0.07562936097383499,0.16880789399147034,0.01328623853623867,0.12071216106414795
0.03406728059053421,0.2100048065185547,0.047694191336631775,0.7242729663848877
0.08584954589605331,0.29229965806007385,0.01907767727971077,-0.9656972885131836
0.04701284319162369,0.1896270513534546,0.010220183990895748,-0.6639168858528137
0.07631070911884308,0.19938506186008453,0.0231657512485981,0.20118694007396698
0.0018169215181842446,0.21418529748916626,-0.04133496433496475,-0.32189908623695374
0.020440367981791496,0.17971377074718475,0.00987951084971428,-0.6035608053207397
0.06813456118106842,0.2069990187883377,0.00681345583871007,-0.7242729663848877
0.017714984714984894,0.1842106729745865,0.0010220177937299013,-0.36213648319244385
0.010901529341936111,0.08614105731248856,0.008176147006452084,0.12071216106414795
0.025891132652759552,0.1649656891822815,0.024528440088033676,0.4828486442565918
0.009538838639855385,0.2953961491584778,0.07631070911884308,0.7242729663848877
0.05450764670968056,0.16424810886383057,0.021803058683872223,-0.6035608053207397
0.03724689409136772,0.13500860333442688,-0.0072676860727369785,-0.32189908623695374
0.008176147006452084,0.08321204036474228,0.002725382335484028,0.12071216106414795
0.012264220044016838,0.12966349720954895,0.012264220044016838,0.4828486442565918
0.032704588025808334,0.2549070417881012,0.04905688017606735,0.7242729663848877
-0.05314495414495468,0.119256891310215,-0.008176147006452084,-0.12071216106414795
-0.01362691167742014,0.08544845134019852,-0.010901529341936111,0.12071216106414795
0.010901529341936111,0.17331375181674957,0.016352294012904167,0.7242729663848877
0.008176147006452084,0.260356068611145,0.024528440088033676,-0.7242729663848877
-0.03679266199469566,0.18944871425628662,0.002044036751613021,-0.5432047247886658
0.054507650434970856,0.21099725365638733,0.0027253825683146715,0.4828486442565918
0.05723302811384201,0.25477588176727295,0.016352294012904167,0.7242729663848877
-0.047694191336631775,0.2123132348060608,-0.01362691167742014,-0.4828486442565918
0.04088073596358299,0.14777173101902008,-0.02634536288678646,-0.4828486442565918
-0.063365139067173,0.13226857781410217,-0.02997920662164688,0.36213648319244385
-0.04905688017606735,0.2568663954734802,-0.008176147006452084,0.6035608053207397
0.00681345583871007,0.21749763190746307,-0.01362691167742014,-0.6035608053207397
-0.05655168369412422,0.1572597324848175,-0.02657247707247734,-0.4828486442565918
-0.08539531379938126,0.12595120072364807,-0.001816921285353601,0.16094954311847687
-0.032704588025808334,0.17124424874782562,0.005450764670968056,0.6035608053207397
0.008176147006452084,0.2609971761703491,-0.016352294012904167,-0.7242729663848877
-0.020440367981791496,0.17263519763946533,-0.012945566326379776,-0.5432047247886658
-0.047694191336631775,0.1612580120563507,-0.002725382102653384,0.5230860114097595
-0.020440367981791496,0.21696336567401886,-0.00681345583871007,-0.8449851274490356
-0.008857492357492447,0.17286460101604462,-0.00953883770853281,-0.4828486442565918
-0.021803058683872223,0.17297054827213287,-0.005450764670968056,0.6035608053207397
-0.047694191336631775,0.30134278535842896,0.009538838639855385,0.7242729663848877
0.003406727686524391,0.19376954436302185,-0.017714984714984894,-0.6639168858528137
-0.0043151890859007835,0.12587116658687592,-0.016125179827213287,-0.20118694007396698
-0.024528440088033676,0.1661306768655777,-0.001362691167742014,0.5230860114097595
-0.008630377240478992,0.1810724139213562,-0.004542304202914238,-0.68403559923172
0.020440367981791496,0.12895265221595764,0.008176147006452084,0.2414243221282959
-0.020440367981791496,0.21696336567401886,0.00681345583871007,0.7242729663848877
-0.032704588025808334,0.2594558298587799,-0.008176147006452084,-0.8449851274490356
-0.00953883770853281,0.1669614166021347,-0.017714984714984894,-0.5230860114097595
0.03815535455942154,0.16941271722316742,-0.016352294012904167,-0.7242729663848877
-0.011242198757827282,0.1503000408411026,-0.025209786370396614,-0.3017804026603699
-0.0010220184922218323,0.1650514006614685,-0.007494801189750433,0.4828486442565918
-0.047694191336631775,0.30134278535842896,0.009538838639855385,0.7242729663848877
-0.000681345583871007,0.19416505098342896,-0.021803058683872223,-0.8449851274490356
0.10220184177160263,0.26394033432006836,-0.013626912608742714,0.12071216106414795
0.021803058683872223,0.17297054827213287,-0.005450764670968056,-0.6035608053207397
0.03361304849386215,0.1512666493654251,0.0018169218674302101,-0.16094954311847687
0.014535372145473957,0.21491466462612152,-0.02361997961997986,-0.40237388014793396
-0.04088073596358299,0.2579053044319153,-0.016352294012904167,-0.8449851274490356
-0.04496880993247032,0.19538724422454834,-0.00953883770853281,-0.7242729663848877
0.029297862201929092,0.18682222068309784,0.008857493288815022,0.18106824159622192
0.01907767727971077,0.16347551345825195,0.002725382335484028,0.6035608053207397
-0.04088073596358299,0.2579053044319153,-0.016352294012904167,-0.7242729663848877
-0.008176147006452084,0.12998531758785248,-0.012264220044016838,-0.4828486442565918
-0.02997920662164688,0.178709477186203,-0.010220183990895748,-0.18106824159622192
0.04088073596358299,0.2365044802427292,-0.03770112246274948,-0.40237388014793396
-0.016352294012904167,0.2609971761703491,-0.008176147006452084,-0.8449851274490356
-0.019759023562073708,0.16685473918914795,-0.008176147006452084,-0.6639168858528137
-0.0981137603521347,0.19929952919483185,-0.0009084604680538177,-0.40237388014793396
-0.009538838639855385,0.30494460463523865,-0.009538838639855385,-0.7242729663848877
-0.010901529341936111,0.17193685472011566,-0.02725382335484028,-0.6035608053207397
0.028616514056921005,0.1188180223107338,-0.020440366119146347,-0.2716023623943329
-0.020440367981791496,0.12817268073558807,-0.016352294012904167,0.36213648319244385
-0.047694191336631775,0.21176588535308838,-0.020440367981791496,-0.6035608053207397
-0.04224342480301857,0.15651315450668335,-0.04973822832107544,-0.36213648319244385
-0.03815535083413124,0.159735769033432,-0.016352294012904167,0.6035608053207397
-0.01362691167742014,0.21589088439941406,-0.02725382335484028,-0.6035608053207397
-0.051782265305519104,0.16532202064990997,-0.010220183990895748,-0.4224925637245178
-0.05246361345052719,0.13403917849063873,-0.017033640295267105,0.36213648319244385
-0.08176147192716599,0.20200487971305847,-0.00681345583871007,0.6035608053207397
-0.032704588025808334,0.2590690553188324,-0.016352294012904167,-0.8449851274490356
0.04905688390135765,0.16785138845443726,-0.014308257028460503,-0.7242729663848877
-0.016806524246931076,0.17747637629508972,-0.004088073503226042,0.6035608053207397
-0.07631070911884308,0.2953961491584778,-0.009538838639855385,0.7242729663848877
-0.07358532398939133,0.2489364892244339,-0.032704588025808334,-0.7242729663848877
0.029524976387619972,0.21447055041790009,-0.01953190751373768,-0.6035608053207397
-0.00681345583871007,0.2152448147535324,-0.03406728059053421,0.8449851274490356
-0.028616515919566154,0.30149370431900024,-0.03815535455942154,-0.8449851274490356
-0.03815535455942154,0.16941271722316742,-0.016352294012904167,-0.6035608053207397
-0.001362691167742014,0.16726994514465332,-0.04496880993247032,-0.2414243221282959
-0.04905688017606735,0.12016432732343674,-0.016352294012904167,0.36213648319244385
-0.08993761986494064,0.2455568015575409,-0.008176147006452084,0.7242729663848877
-0.047694191336631775,0.2990696132183075,-0.03815535455942154,-0.4828486442565918
-0.03406728059053421,0.2143803834915161,-0.020440367981791496,-0.4828486442565918
0.014308257028460503,0.19454675912857056,-0.010220183990895748,-0.4828486442565918
0.051782265305519104,0.2093549370765686,-0.036338433623313904,-0.20118694007396698
-0.035884201526641846,0.10869181901216507,-0.05632456764578819,0.36213648319244385
-0.01362691167742014,0.21749763190746307,-0.00681345583871007,0.6035608053207397
-0.06677187234163284,0.29769736528396606,-0.009538838639855385,0.4828486442565918
-0.03815535455942154,0.3004355728626251,-0.03815535455942154,-0.4828486442565918
-0.05450764670968056,0.2106669396162033,-0.01362691167742014,-0.4828486442565918
-0.03679266199469566,0.12493730336427689,-0.012264220044016838,-0.2414243221282959
-0.006359226536005735,0.0780109167098999,-0.021803058683872223,0.12071216106414795
-0.049397557973861694,0.19055165350437164,-0.0006813458167016506,0.6337388753890991
-0.07631070911884308,0.2953961491584778,-0.009538838639855385,0.4828486442565918
-0.06813456118106842,0.20429007709026337,-0.03406728059053421,-0.4828486442565918
-0.05723302811384201,0.17680540680885315,-0.051100920885801315,-0.5432047247886658
-0.032704588025808334,0.1264001727104187,-0.008176147006452084,0.2414243221282959
-0.043606117367744446,0.1685335487127304,-0.010901529341936111,0.4828486442565918
-0.04088073596358299,0.2579053044319153,-0.016352294012904167,0.4828486442565918
-0.03406728059053421,0.21264095604419708,-0.03406728059053421,-0.6035608053207397
-0.025891132652759552,0.14237548410892487,-0.032704588025808334,-0.4526706039905548
0.00681345583871007,0.07967546582221985,-0.01907767727971077,-0.12071216106414795
0.032704588025808334,0.08066394925117493,-0.005450764670968056,0.12071216106414795
-0.029979204759001732,0.23263929784297943,-0.0672260969877243,-0.4828486442565918
-0.08993761986494064,0.2444654256105423,-0.024528440088033676,-0.6035608053207397
-0.010220183059573174,0.19533059000968933,-0.010220183990895748,-0.6639168858528137
0.010901529341936111,0.08635635673999786,0.005450764670968056,0.12071216106414795
-0.05450764670968056,0.21011531352996826,-0.020440367981791496,-0.4828486442565918
0.002044036751613021,0.19590787589550018,-0.010220183990895748,-0.5432047247886658
-0.05450764670968056,0.1846737116575241,-0.032704588025808334,0.4828486442565918
-0.047694191336631775,0.30013254284858704,-0.028616515919566154,0.6035608053207397
-0.05450764670968056,0.2106669396162033,-0.01362691167742014,-0.6035608053207397
-0.08039877563714981,0.15148594975471497,-0.0463315024971962,-0.6337388753890991
0.025891132652759552,0.13531827926635742,-0.008993762545287609,0.16899701952934265
0.005450764670968056,0.23897990584373474,-0.017714984714984894,-0.6639168858528137
-0.011355760507285595,0.15486007928848267,-0.009993068873882294,0.12071216106414795
-0.06029908359050751,0.1642449051141739,-0.02248440496623516,-0.2414243221282959
0.020440367981791496,0.21664217114448547,-0.01362691167742014,-0.6035608053207397
0.024528440088033676,0.1274535208940506,-0.016352294012904167,-0.2414243221282959
0.010901529341936111,0.08583872765302658,-0.010901529341936111,0.12071216106414795
-0.020440367981791496,0.12914690375328064,-0.004088073503226042,0.36213648319244385
-0.028616515919566154,0.3037487268447876,-0.009538838639855385,-0.7242729663848877
0.005450764670968056,0.17399810254573822,-0.010901529341936111,-0.6035608053207397
0.005450764670968056,0.08687089383602142,-0.005450764670968056,0.12071216106414795
0.020440367981791496,0.21534231305122375,-0.01907767727971077,-0.2414243221282959
-0.028616515919566154,0.3037487268447876,0.009538838639855385,0.4828486442565918
0.010901529341936111,0.17374178767204285,0.010901529341936111,-0.4828486442565918
0.1158287450671196,0.12215521931648254,-0.012264220044016838,-0.2414243221282959
0.14717064797878265,0.20027388632297516,-0.08176147192716599,0.12071216106414795
-0.03985871747136116,0.20270530879497528,0.019418349489569664,-0.4828486442565918
-0.016352294012904167,0.2609971761703491,0.008176147006452084,0.7242729663848877
0.03406728059053421,0.21264095604419708,-0.03406728059053421,-0.7242729663848877
-0.011991681531071663,0.15786822140216827,-0.020440367981791496,-0.5069910883903503
-0.0027253832668066025,0.08220173418521881,-0.008176147006452084,0.2414243221282959
-0.028616515919566154,0.24877053499221802,-0.014308257028460503,-0.5130267143249512
0.032704588025808334,0.2594558298587799,-0.008176147006452084,-0.6035608053207397
-0.004542303737252951,0.19808338582515717,-0.005450764670968056,-0.6437981724739075
0.04860265180468559,0.20955634117126465,0.02952497825026512,-0.20118694007396698
0.014989602379500866,0.17212776839733124,-0.021803058683872223,0.18106824159622192
0.032704588025808334,0.16993802785873413,0.021803058683872223,0.36213648319244385
-0.016352294012904167,0.26061269640922546,0.016352294012904167,0.4828486442565918
-0.008176147006452084,0.2609971761703491,-0.016352294012904167,-0.6035608053207397
-0.028616514056921005,0.19238796830177307,-0.02248440310359001,-0.5432047247886658
0.06745322048664093,0.1835874766111374,0.004088073968887329,-0.18106824159622192
-0.02248440310359001,0.1700240671634674,-0.03066055104136467,0.36213648319244385
-0.04088073596358299,0.2582938075065613,-0.008176147006452084,0.4828486442565918
-0.009538838639855385,0.30494460463523865,-0.009538838639855385,-0.7242729663848877
-0.005450764670968056,0.1735706925392151,-0.016352294012904167,-0.4828486442565918
0.016352294012904167,0.08496901392936707,-0.010901529341936111,-0.2414243221282959
-0.014308257028460503,0.09405864775180817,-0.06540917605161667,0.12071216106414795
-0.05382630228996277,0.23099160194396973,-0.02657247707247734,0.5432047247886658
-0.07631070911884308,0.2949337363243103,-0.01907767727971077,0.4828486442565918
-0.024528440088033676,0.25842317938804626,-0.032704588025808334,-0.6035608053207397
-0.07222263514995575,0.2200775444507599,-0.04292477294802666,-0.6035608053207397
-0.012264220975339413,0.151617631316185,-0.03361304849386215,-0.20118694007396698
0.014535374008119106,0.17673273384571075,-0.004088073503226042,0.6035608053207397
0.004088073968887329,0.2539847493171692,0.004088073503226042,-0.6035608053207397
0.024528440088033676,0.12823785841464996,0.008176147006452084,-0.2414243221282959
0.0034067295491695404,0.1996367871761322,-0.04565015435218811,-0.2414243221282959
-0.024528441950678825,0.19211138784885406,-0.02657247707247734,-0.6639168858528137
-0.03679266199469566,0.12547123432159424,0.004088073503226042,0.36213648319244385
-0.04088073596358299,0.21405531466007233,-0.00681345583871007,0.6035608053207397
0.0617753341794014,0.1599988043308258,0.014081142842769623,-0.6035608053207397
0.02657247707247734,0.12144086509943008,-0.008176147006452084,0.2414243221282959
0.0981137603521347,0.23569437861442566,0.05723302811384201,0.8449851274490356
0.03815535455942154,0.3022472560405731,0.01907767727971077,-0.9656972885131836
0.027935169637203217,0.23368456959724426,-0.02248440682888031,-0.7242729663848877
0.009198165498673916,0.1238781288266182,0.007154128514230251,0.3017804026603699
-0.009538838639855385,0.29769736528396606,0.06677187234163284,0.8449851274490356
0.034748625010252,0.21406199038028717,-0.008176147937774658,-0.6639168858528137
-0.04905688017606735,0.12016432732343674,0.016352294012904167,0.2414243221282959
0.020440367981791496,0.2143803834915161,0.03406728059053421,0.7242729663848877
0.01907767727971077,0.29229965806007385,0.08584954589605331,-0.8449851274490356
0.02725382335484028,0.1666722297668457,0.043606117367744446,-0.6035608053207397
-0.002725382335484028,0.0836474820971489,0.024528440088033676,-0.12071216106414795
0.002725382335484028,0.08562212437391281,0.016352294012904167,0.12071216106414795
0.016352294012904167,0.17054884135723114,0.032704588025808334,0.6035608053207397
0.01907767727971077,0.2992216646671295,0.05723303183913231,0.8449851274490356
0.024528440088033676,0.25997063517570496,0.016352294012904167,-0.9656972885131836
0.03406728059053421,0.1687946915626526,0.027253825217485428,-0.6639168858528137
0.051782265305519104,0.1909637600183487,-0.03134189546108246,-0.40237388014793396
0.04088073596358299,0.2582938075065613,-0.008176147006452084,-0.8449851274490356
0.04701284319162369,0.15518957376480103,0.005450764670968056,-0.4828486442565918
0.051782261580228806,0.1644500494003296,0.005450764670968056,0.18106824159622192
0.08176147192716599,0.2483988255262375,-0.008176147006452084,-0.8449851274490356
0.03679266199469566,0.17035982012748718,0.003406727919355035,-0.6035608053207397
0.05450764670968056,0.16782620549201965,0.03542996942996979,-0.12071216106414795
0.035884201526641846,0.16991834342479706,-0.020894598215818405,-0.4828486442565918
0.008176147006452084,0.260356068611145,0.024528440088033676,-0.8449851274490356
0.07085993885993958,0.18984900414943695,0.00681345583871007,-0.6940948963165283
0.02779889851808548,0.14166313409805298,0.012809297069907188,0.45870620012283325
-0.028616515919566154,0.3037487268447876,0.009538838639855385,0.7242729663848877
0.00681345583871007,0.21696336567401886,0.020440367981791496,-0.7242729663848877
0.020894598215818405,0.2000941038131714,-3.1044086745701804e-10,-0.563323438167572
0.032023243606090546,0.14871300756931305,0.008857492357492447,0.6035608053207397
0.008176147006452084,0.2594558298587799,0.032704588025808334,-0.8449851274490356
0.029524976387619972,0.16932350397109985,0.02634536288678646,-0.68403559923172
0.15330275893211365,0.12395904958248138,0.01362691167742014,-0.12071216106414795
0.04905688017606735,0.1665830761194229,0.016352294012904167,0.6035608053207397
-0.028616515919566154,0.2984604835510254,0.05723303183913231,0.7242729663848877
-0.020440367981791496,0.2153526395559311,0.02725382335484028,-0.8449851274490356
-0.010628989897668362,0.1403062790632248,0.008176147006452084,-0.36213648319244385
-0.005450764670968056,0.08687089383602142,0.005450764670968056,0.2414243221282959
0.047694191336631775,0.21176588535308838,0.020440367981791496,0.7242729663848877
-0.048784349113702774,0.17884229123592377,-0.005450764670968056,-0.3862789273262024
0.04973822832107544,0.1633146107196808,0.005450764670968056,0.6035608053207397
0.04088073596358299,0.255169153213501,0.04088073596358299,0.7242729663848877
-0.009538838639855385,0.30134278535842896,0.047694191336631775,-0.8449851274490356
0.0378146767616272,0.20220574736595154,0.011242203414440155,0.4828486442565918
0.028616514056921005,0.12659834325313568,0.016352294012904167,0.6035608053207397
0.009538838639855385,0.30134278535842896,0.047694191336631775,0.7242729663848877
-0.009538836777210236,0.26714926958084106,0.03179612755775452,-0.9656972885131836
-0.016352294012904167,0.2609971761703491,-0.008176147006452084,-0.8449851274490356
0.03815535083413124,0.14946480095386505,0.002725382102653384,-0.4828486442565918
0.00579143688082695,0.1441160887479782,0.00681345583871007,0.5432047247886658
-0.03815535455942154,0.3022472560405731,0.01907767727971077,0.8449851274490356
-0.05677879601716995,0.16022804379463196,-0.004542303737252951,-0.7242729663848877
0.03906381130218506,0.161867156624794,-0.017260754480957985,-0.40237388014793396
-0.01737431436777115,0.18071022629737854,-0.0010220183758065104,0.6639168858528137
0.03406728059053421,0.21492105722427368,0.01362691167742014,-0.6035608053207397
-0.05768726021051407,0.1785607635974884,0.016352294012904167,-0.4828486442565918
0.05450764670968056,0.16424810886383057,0.021803058683872223,0.6035608053207397
-0.03815535455942154,0.3022472560405731,0.01907767727971077,0.7242729663848877
0.037814680486917496,0.24345791339874268,0.008516818284988403,0.39231452345848083
-0.02071290649473667,0.14859506487846375,-0.02725382335484028,-0.12071216106414795
-0.06450071185827255,0.16304965317249298,-0.004088073968887329,0.68403559923172
-0.009538838639855385,0.30494460463523865,0.009538838639855385,0.7242729663848877
-0.05723302811384201,0.25477588176727295,-0.016352294012904167,-0.7242729663848877
0.004088073503226042,0.1306905448436737,-0.004088073503226042,-0.4828486442565918
-0.009538838639855385,0.19358627498149872,0.006813456304371357,-0.18106824159622192
-0.023847097530961037,0.18935656547546387,0.01975902169942856,0.18106824159622192
-0.009538838639855385,0.3026984930038452,0.03815535455942154,0.7242729663848877
0.008176147006452084,0.2609971761703491,0.016352294012904167,-0.8449851274490356
-0.012264220975339413,0.17163214087486267,-0.010901529341936111,-0.5432047247886658
-0.024528441950678825,0.15015144646167755,0.006813456304371357,-0.12071216106414795
-0.010901530273258686,0.1939864605665207,0.0006813458167016506,0.3017804026603699
-0.05450764670968056,0.2106669396162033,0.01362691167742014,0.7242729663848877
-0.05110091716051102,0.18846707046031952,0.006132110022008419,-0.6639168858528137
0.06540917605161667,0.160866841673851,0.016352294012904167,0.6035608053207397
0.016352294012904167,0.26061269640922546,0.016352294012904167,-0.8449851274490356
0.017714984714984894,0.17227858304977417,0.0006813458167016506,-0.5432047247886658
0.03747400641441345,0.16769257187843323,0.005450764670968056,0.5432047247886658
-0.028616515919566154,0.3037487268447876,0.009538838639855385,0.7242729663848877
0.028616515919566154,0.3037487268447876,0.009538838639855385,-0.7242729663848877
0.06086687371134758,0.23202374577522278,-0.020440366119146347,0.40237388014793396
0.01362691167742014,0.1767105758190155,-0.03679266199469566,-0.16094954311847687
-0.011242201551795006,0.21455873548984528,-0.05076024681329727,-0.18106824159622192
0.04088073596358299,0.25725647807121277,-0.024528440088033676,-0.8449851274490356
-0.010901530273258686,0.1670733094215393,-0.009538838639855385,-0.4828486442565918
0.10083914548158646,0.17728671431541443,-0.04088073596358299,0.12071216106414795
-0.00681345583871007,0.21749763190746307,0.01362691167742014,0.7242729663848877
0.012264220044016838,0.18760117888450623,-0.032704588025808334,-0.3017804026603699
-0.005450764670968056,0.17425404489040375,0.005450764670968056,0.4828486442565918
0.010901529341936111,0.17331375181674957,0.016352294012904167,-0.6035608053207397
0.06268379092216492,0.15047964453697205,-0.032704588025808334,-0.3017804026603699
-0.016806524246931076,0.16213567554950714,-0.004996534436941147,0.40237388014793396
0.01907767727971077,0.304496705532074,0.009538838639855385,-0.8449851274490356
-0.005450764670968056,0.2050335854291916,-0.021803058683872223,0.36213648319244385
-0.010220183059573174,0.12208820879459381,-0.006132110487669706,0.12071216106414795
-0.07017859816551208,0.22332021594047546,-0.028616515919566154,-0.12071216106414795
-0.06677187234163284,0.29769736528396606,-0.009538838639855385,-0.8449851274490356
0.008176147006452084,0.08614105731248856,-0.010901529341936111,-0.12071216106414795
0.04224342852830887,0.21209870278835297,0.01180998980998993,0.20118694007396698
0.025436902418732643,0.2128414511680603,-0.02725382335484028,-0.4828486442565918
-0.02725382335484028,0.17193685472011566,-0.010901529341936111,-0.6035608053207397
0.03542996942996979,0.07894205302000046,-0.010901529341936111,-0.12071216106414795
0.06813456118106842,0.15859080851078033,-0.063365139067173,0.2112462818622589
-0.06540917605161667,0.2528003454208374,-0.016352294012904167,-0.8449851274490356
-0.004088073503226042,0.1301780343055725,-0.012264220044016838,-0.36213648319244385
-0.0027253839652985334,0.22289066016674042,0.008176147006452084,-0.12071216106414795
0.005450764670968056,0.17425404489040375,-0.005450764670968056,0.6035608053207397
-0.028616515919566154,0.30329906940460205,-0.01907767727971077,-0.9656972885131836
-0.021803058683872223,0.08333611488342285,-0.01362691167742014,-0.12071216106414795
-0.01839633099734783,0.12009718269109726,-0.01839633099734783,0.2414243221282959
-0.02725382335484028,0.21589088439941406,-0.01362691167742014,0.7242729663848877
-0.03452150896191597,0.15664716064929962,-0.043606117367744446,-0.7242729663848877
-0.011582874692976475,0.10752515494823456,-0.01362691167742014,-0.18106824159622192
0.005450764670968056,0.08242404460906982,-0.002725382335484028,0.12071216106414795
-0.047694191336631775,0.30134278535842896,-0.009538838639855385,0.7242729663848877
0.024528440088033676,0.13377390801906586,0.005110091529786587,-0.6035608053207397
0.016352292150259018,0.16709941625595093,-0.032704588025808334,0.2414243221282959
-0.03815535455942154,0.3022472560405731,-0.01907767727971077,-0.8449851274490356
-0.02725382335484028,0.17193685472011566,-0.010901529341936111,-0.6035608053207397
0.01907767727971077,0.08492529392242432,0.005450764670968056,-0.12071216106414795
0.01907767727971077,0.08470635861158371,0.008176147006452084,0.12071216106414795
0.008176147937774658,0.16616439819335938,-0.005450764670968056,0.7242729663848877
0.04905688017606735,0.16415762901306152,-0.032704588025808334,-0.6035608053207397
0.01362691167742014,0.11393857002258301,-0.01975902169942856,-0.15089020133018494
-0.032704588025808334,0.2594558298587799,-0.008176147006452084,-0.8449851274490356
0.005450764205306768,0.17270463705062866,-0.00953883770853281,-0.7242729663848877
0.126730278134346,0.13247188925743103,-0.001362691167742014,0.18106824159622192
0.02725382335484028,0.17150430381298065,-0.016352294012904167,0.6035608053207397
0.012945566326379776,0.24769046902656555,-0.0017033661715686321,0.39231452345848083
0.03815535455942154,0.07766144722700119,0.010901529341936111,-0.12071216106414795
0.024528440088033676,0.1284331977367401,-0.004088073503226042,0.2414243221282959
-0.005450764670968056,0.17399810254573822,-0.010901529341936111,0.6035608053207397
0.009538838639855385,0.30494460463523865,-0.009538838639855385,-0.8449851274490356
-0.003406727919355035,0.20464329421520233,-0.01975902169942856,0.12071216106414795
-0.018055656924843788,0.22100213170051575,0.01907767727971077,-0.12071216106414795
-0.0463315024971962,0.19325502216815948,-0.03542996942996979,-0.4828486442565918
-0.024528440088033676,0.260356068611145,-0.008176147006452084,0.7242729663848877
-0.03815535455942154,0.3022472560405731,-0.01907767727971077,-0.8449851274490356
-0.025550460442900658,0.17765220999717712,-0.004088072571903467,0.5130267143249512
-0.005450764670968056,0.08579527586698532,0.005450764670968056,0.12071216106414795
-0.005450764670968056,0.17399810254573822,0.010901529341936111,0.6035608053207397
-0.047694191336631775,0.30134278535842896,0.009538838639855385,0.7242729663848877
-0.02657247707247734,0.17130029201507568,-0.01567094773054123,-0.5432047247886658
0.019531909376382828,0.21753370761871338,-0.0009084607590921223,0.40237388014793396
-0.047694191336631775,0.30134278535842896,0.009538838639855385,0.8449851274490356
-0.008176147006452084,0.2613810896873474,0.008176147006452084,-0.9656972885131836
-0.008176147006452084,0.13030634820461273,-0.008176147006452084,-0.4828486442565918
-0.04088073596358299,0.21405531466007233,-0.00681345583871007,0.8449851274490356
-0.001362691167742014,0.17162024974822998,-0.0040880730375647545,-0.4828486442565918
0.018737003207206726,0.1597207933664322,-0.017714984714984894,-0.2414243221282959
-0.008176147006452084,0.19590777158737183,0.004088073503226042,-0.6639168858528137
-0.005450764670968056,0.0824381560087204,-0.004088073503226042,0.12071216106414795
-0.06540917605161667,0.25319668650627136,-0.008176147006452084,0.8449851274490356
-0.02248440310359001,0.19281131029129028,-0.01839633099734783,-0.7242729663848877
0.12400490045547485,0.27875614166259766,-0.009538838639855385,-0.12071216106414795
-0.032704588025808334,0.16858750581741333,-0.021803058683872223,0.5432047247886658
0.03406728059053421,0.21492105722427368,-0.01362691167742014,-0.6035608053207397
0.032704588025808334,0.12659834325313568,0.004088073503226042,-0.2414243221282959
-0.00749480165541172,0.1619574874639511,-0.020440367981791496,-0.2414243221282959
-0.00681345583871007,0.21781755983829498,-0.00681345583871007,-0.6035608053207397
0.01975902169942856,0.170988067984581,-0.013967584818601608,-0.4224925637245178
0.01907767727971077,0.08505638688802719,-0.002725382335484028,0.2414243221282959
-0.032704588025808334,0.17054884135723114,-0.016352294012904167,-0.6035608053207397
-0.002725382335484028,0.23424021899700165,-0.03713333606719971,-0.33195844292640686
-0.029297860339283943,0.17009615898132324,-0.007494801189750433,0.4828486442565918
-0.03406728059053421,0.21264095604419708,0.03406728059053421,0.7242729663848877
-0.01907767727971077,0.304496705532074,-0.009538838639855385,-0.8449851274490356
-0.02725382335484028,0.17193685472011566,-0.010901529341936111,-0.6035608053207397
0.07085994631052017,0.13625752925872803,0.012264220975339413,-0.281661719083786
0.05382630228996277,0.13995514810085297,0.00681345583871007,0.5432047247886658
-0.02078104019165039,0.23147611320018768,-0.005450764670968056,0.7242729663848877
0.01907767727971077,0.30329906940460205,-0.028616515919566154,-0.8449851274490356
0.005450764670968056,0.17399810254573822,0.010901529341936111,-0.6035608053207397
0.044060349464416504,0.13088227808475494,-0.025209786370396614,-0.2414243221282959
0.012264219112694263,0.17763078212738037,-0.008176147006452084,0.68403559923172
0.04905688390135765,0.22932949662208557,-0.05723302811384201,-0.9656972885131836
-0.009538838639855385,0.3037487268447876,-0.028616515919566154,-0.8449851274490356
-0.04088073596358299,0.21342243254184723,-0.017714984714984894,0.4828486442565918
-0.021803058683872223,0.1722821146249771,-0.016352294012904167,0.4828486442565918
-0.028616515919566154,0.30329906940460205,-0.01907767727971077,0.7242729663848877
-0.047694191336631775,0.2100048065185547,-0.03406728059053421,-0.6035608053207397
-0.012264220044016838,0.11866836249828339,-0.02657247707247734,-0.2414243221282959
0.043606117367744446,0.14934492111206055,-0.010447299107909203,0.16094954311847687
0.005450764670968056,0.17399810254573822,-0.010901529341936111,0.7242729663848877
-0.020440367981791496,0.2143803834915161,-0.03406728059053421,-0.7242729663848877
0.04605896398425102,0.15641339123249054,-0.013354374095797539,-0.3379940390586853
0.032704588025808334,0.17124424874782562,-0.005450764670968056,0.7242729663848877
-0.047694191336631775,0.21176588535308838,-0.020440367981791496,-0.7242729663848877
-0.014989602379500866,0.12123942375183105,-0.01907767541706562,-0.2414243221282959
-0.032704588025808334,0.11787289381027222,-0.01839633099734783,0.12071216106414795
0.04088073596358299,0.2579053044319153,-0.016352294012904167,-0.7242729663848877
0.0727677121758461,0.20984576642513275,-0.03297712653875351,-0.6277032494544983
-0.014989601448178291,0.19633805751800537,-0.05314495414495468,-0.36213648319244385
0.016352294012904167,0.08549190312623978,0.005450764670968056,0.2414243221282959
-0.02725382335484028,0.21459682285785675,0.02725382335484028,0.8449851274490356
0.06359225511550903,0.2358761578798294,-0.014081144705414772,0.20118694007396698
-0.032704584300518036,0.19280587136745453,-0.04905688017606735,-0.36213648319244385
-0.016352294012904167,0.16642354428768158,-0.020440367981791496,-0.2414243221282959
-0.04088073596358299,0.2582938075065613,0.008176147006452084,0.8449851274490356
-0.005450764670968056,0.17399810254573822,-0.010901529341936111,-0.7242729663848877
0.05587033927440643,0.18753653764724731,0.0006813458167016506,-0.2414243221282959
-0.03883669897913933,0.11740728467702866,-0.004769419319927692,0.5130267143249512
0.012718451209366322,0.2725400924682617,0.01589806191623211,-0.9656972885131836
0.05450764670968056,0.21011531352996826,-0.020440367981791496,-0.7242729663848877
0.017033638432621956,0.17490805685520172,0.001022018725052476,-0.5432047247886658
